<?xml version="1.0" encoding="UTF-8" standalone="yes"?>
<app version="1.0.0">
	<name>Wiiero</name>
	<coder>BScrk</coder>
	<version>Release 1.3</version>
	<short_description>Wiiero, liero on your Wii !</short_description> 
	<long_description>
Wiiero is a liero clone for the Wii.
This game is a realtime worms-like game between two worms armed with heavy weapons of all kinds battling in underground caves.
Thanks to:
   Perdo : My first liero partner
   Kyfran : My loyer Wiiero beta tester
   Joosa Riekkinen : Liero game concept
   Mindcry, Devildante, Tantric: SDL port
   Michael Laforest: Lib wiiuse
   Binaerpilot : Oldschool 8bits like 
                      sound track
   Flark : helps me for writing 
              Wiibrew.org wiki page
   and all libogc, devkitppc coderz
</long_description> 
</app>

