<?xml version="1.0" encoding="UTF-8" standalone="yes"?>
	<app version="Beta 1">
		<name>ComixChannel</name>
		<coder>Tiamattia</coder>
		<version>Beta 1</version>
		<release_date>30/01/2010 IT</release_date>
		<short_description>A comics reader</short_description>
		<long_description>ComixChannel Beta 1 - Tiamattia

www.moddingstudio.com/home/

ComixChannel is an application that allows you to view the pages of comics books.
You have to put the zip archives (created with ComixChannel Resizer) in the directory SD:/comics/.

Buttons:
- Load preview: +;
- Foreward/Back: 1/2;
- Zoom in/out +/-;
- Move page: A & pointer;

Features:
- Zoom in/out;
- Preview (a little buggy);
- Move pages;
- List of comic strips;
- A wonderful GUI;
- And MsgBox xD.

Credit:
- Tiamattia
- Ryujiandy
- Graphics by Pinuz95
- GRRLIB
- DevKitpro</long_description>
	</app>