<?xml version="1.0" encoding="UTF-8" standalone="yes"?>
<app version="1">
	<name>BrawlStats</name>
	<coder>Marc</coder>
	<version>1.2</version>
	<release_date>201104300000</release_date>
	<short_description>Stores your SSBB stats!</short_description>
	<long_description>BrawlStats reads your Smash Bros. Brawl save data and shows you a lot of information that the game hides!
	</long_description>
	<no_ios_reload/>

	<!--
	<arguments>
		<arg>--ios=249</arg>
	</arguments>
	-->

</app>

