<?xml version="1.0" encoding="UTF-8" standalone="yes"?>
<app version="1">
	<name>Move The Pussy Demo</name>
	<coder>NoNameNo</coder>
	<version>2</version>
	<release_date>200804160000</release_date>
	<short_description>A wiimote IR tracking demo</short_description>
	<long_description>Thx to :
- Rhys for the wiiuse porting attempt (dont give up dude !! we need IR also ;)
- Uschghost, dhewg, hell_hiboufor and all others their GRRLIB participation
- [15:04] <shagkur> Thanks for crediting me and devkitpro for using libogc in your demo!

What you need ?
Since i have lot of trouble to correctly the two IR led of the official BAr,
You will need to blind one led with a t-shirt or a book.

How it work ?
run the elf, then press "1" and "2" once to sync your remote
wait the rumble (or the first led) that will tell you that the wiimote is synced.
Now here is the tricks to do slowly in this order ;)
Down
Right
Up
Left
point the WII IR BAR with the wiimote (distance is important)

if it do not run, retry the trick, and if nothing work relaunch the elf ;)

Remember It's only a POC !! ;)
</long_description>
</app>