<?xml version="1.0" encoding="UTF-8" standalone="yes"?>
<app version="1.0.0">
	<name>Dario</name>
	<version>Version 1.0.0</version>
        <release_date>2009/12/15</release_date>
	<coder>Ondrej Blazek</coder>
	<short_description>Dario And The Evil Balls</short_description>
	<long_description>
Spoof of the original Mario Brothers video game.

Dario, Mario's Cousin, has entered the land of the Evil Balls.
Help Dario navigate the custom levels and spike enough balls to
pass on to the next level. 
</long_description>
</app>
