﻿<?xml version="1.0" encoding="UTF-8" standalone="no"?>
<app version="1">
<name>QUASI88</name>
<coder>Fukunaga</coder>
<version>0.6.3_beta5</version>
<release_date>20110814</release_date>
<short_description>NEC PC-8801 Emulator</short_description>
<long_description>
NEC PC-8801 Emulator, QUASI88, for Wii.
Original Source code by Fukunaga at http://www.117.ne.jp/~show/pc8801/pc88emu.html, and modified source includes this file set by Rako. For mor information, see http://wiibrew.org/wiki/QUASI88 
</long_description>
</app>